{
  "train_acc": 0.7965407754010695,
  "train_epoch": 6,
  "train_metrics": {
    "loss": 0.61076145455799,
    "accuracy": 0.7965407754010695,
    "lr": 0.0009938503261272714,
    "epoch_time": 438.0594758987427
  },
  "val_acc": 0.13425,
  "val_epoch": 4,
  "val_metrics": {
    "accuracy": 0.13425,
    "f1_macro": 0.05760131210897486,
    "mcc": 0.12217791290096595,
    "roc_auc": 0.8166181896551723,
    "f1_class_0": 0.0,
    "f1_class_1": 0.0,
    "f1_class_2": 0.0,
    "f1_class_3": 0.16507230093628492,
    "f1_class_4": 0.0,
    "f1_class_5": 0.0,
    "f1_class_6": 0.0,
    "f1_class_7": 0.0,
    "f1_class_8": 0.024509803535899655,
    "f1_class_9": 0.0,
    "f1_class_10": 0.0,
    "f1_class_11": 0.16879337199753497,
    "f1_class_12": 0.26666666425029484,
    "f1_class_13": 0.0,
    "f1_class_14": 0.0,
    "f1_class_15": 0.0,
    "f1_class_16": 0.5812897319662333,
    "f1_class_17": 0.0,
    "f1_class_18": 0.24074631145295525,
    "f1_class_19": 0.0,
    "f1_class_20": 0.0,
    "f1_class_21": 0.0,
    "f1_class_22": 0.0,
    "f1_class_23": 0.0,
    "f1_class_24": 0.0,
    "f1_class_25": 0.28096117913004265,
    "f1_class_26": 0.0,
    "f1_class_27": 0.0,
    "f1_class_28": 0.0,
    "f1_class_29": 0.0,
    "loss": 25.116676330566406
  }
}