{
  "train_acc": 0.5265625,
  "train_epoch": 14,
  "train_metrics": {
    "loss": 1.5545755926767986,
    "accuracy": 0.5265625,
    "lr": 9.827784105872876e-05,
    "epoch_time": 567.3212535381317
  },
  "val_acc": 0.36525,
  "val_epoch": 13,
  "val_metrics": {
    "accuracy": 0.36525,
    "f1_macro": 0.2864532325071857,
    "mcc": 0.3575900215638664,
    "roc_auc": 0.9636869683908046,
    "f1_class_0": 0.30303030045684115,
    "f1_class_1": 0.056074765129705675,
    "f1_class_2": 0.0,
    "f1_class_3": 0.46186440188622163,
    "f1_class_4": 0.0,
    "f1_class_5": 0.0,
    "f1_class_6": 0.0,
    "f1_class_7": 0.0,
    "f1_class_8": 0.0,
    "f1_class_9": 0.7207977158746278,
    "f1_class_10": 0.3971119096976228,
    "f1_class_11": 0.004975124278854485,
    "f1_class_12": 0.6379690899770967,
    "f1_class_13": 0.8137535767453469,
    "f1_class_14": 0.02469135777960677,
    "f1_class_15": 0.6838235247495404,
    "f1_class_16": 0.47927460639312464,
    "f1_class_17": 0.2638522398425395,
    "f1_class_18": 0.9685229974028106,
    "f1_class_19": 0.5178727068696855,
    "f1_class_20": 0.0,
    "f1_class_21": 0.0,
    "f1_class_22": 0.03585657046570719,
    "f1_class_23": 0.23881972958531947,
    "f1_class_24": 0.8863346054522592,
    "f1_class_25": 0.03921568588811996,
    "f1_class_26": 0.06349206180264401,
    "f1_class_27": 0.9962640049378964,
    "f1_class_28": 0.0,
    "f1_class_29": 0.0,
    "loss": 2.328883409500122
  }
}