{
  "train_acc": 0.8461875,
  "train_epoch": 26,
  "train_metrics": {
    "loss": 0.4489600069522858,
    "accuracy": 0.8461875,
    "lr": 0.0008946756844434987,
    "epoch_time": 480.50568985939026
  },
  "val_acc": 0.6579166666666667,
  "val_epoch": 17,
  "val_metrics": {
    "accuracy": 0.6579166666666667,
    "f1_macro": 0.6535399997340536,
    "mcc": 0.6507088522509862,
    "roc_auc": 0.983452011494253,
    "f1_class_0": 0.757763970425138,
    "f1_class_1": 0.9035187237391213,
    "f1_class_2": 0.5903614407754393,
    "f1_class_3": 0.09952606535769638,
    "f1_class_4": 0.17687074660475835,
    "f1_class_5": 0.9192052930066577,
    "f1_class_6": 0.6710875281573079,
    "f1_class_7": 0.6326797335560169,
    "f1_class_8": 0.42664092189215275,
    "f1_class_9": 0.7768361532545726,
    "f1_class_10": 0.40631163373473544,
    "f1_class_11": 0.5752508316716816,
    "f1_class_12": 0.8496551674438622,
    "f1_class_13": 0.9516728574303224,
    "f1_class_14": 0.6121371981654263,
    "f1_class_15": 0.7169811273627625,
    "f1_class_16": 0.36678200238826164,
    "f1_class_17": 0.44645160789690735,
    "f1_class_18": 0.9898989848745027,
    "f1_class_19": 0.5191637588232224,
    "f1_class_20": 0.9344660143990363,
    "f1_class_21": 0.9610389560215888,
    "f1_class_22": 0.47135605098701605,
    "f1_class_23": 0.4615384578612893,
    "f1_class_24": 0.7732267684129258,
    "f1_class_25": 0.8606557327245513,
    "f1_class_26": 0.6493506447756789,
    "f1_class_27": 0.9650711463394748,
    "f1_class_28": 0.7101449226427221,
    "f1_class_29": 0.4305555512967786,
    "loss": 1.1321086883544922
  }
}